chonken,1fadb878-483a-3e21-a94d-0478911bd5c9
wait_what_glitch,cc2cfe79-8d96-39a1-b5e3-5a37bcec3089
theexecutionisy,8a7485d3-5275-3698-9b22-50ad270d7649
viggyee267,95174d07-60b6-3298-a8aa-79ed82918084
wasup1st,860fb6dd-0e7a-3ff3-b4a8-216d0c9ec69a
bluestonenuke,db81b1ac-f52f-3073-8aa7-0e2ece7d02ca
theexecutionist,ab7f3eb0-bc3b-350d-ab5c-56984c3c89b4
yuko_duck,255753f5-0d1f-3464-83c2-5d42fda1d3df
yeelervool268,448a1fe7-33f4-37d0-8bce-a3b5ae1edca7
blackmarket,6e3dba22-fbcc-2aa8-9480-7f78734cfce9
fatal,2557712c-6abb-338c-a88b-9afbf87c030c
